<?xml version="1.0" encoding="utf-8"?>
<extension type="module" version="4.0" client="site">
    <name>Cornerpins Bowler Lookup</name>
    <version>1.0</version>
    <files>
        <filename module="mod_cornerpins_bowler_lookup">mod_cornerpins_bowler_lookup.php</filename>
        <filename>mod_cornerpins_bowler_lookup.xml</filename>
        <folder>tmpl</folder>
        <folder>assets</folder>
    </files>
    <config>
        <fields name="params">
            <fieldset name="basic">
                <field name="api_url" type="text" label="Flask API URL" default="http://localhost:1983/lookup_bowler"/>
            </fieldset>
        </fields>
    </config>
</extension>